{"Iteration": 67, "R(Z|K)": 520.8668212890625, "R(Z)": 258.1455383300781, "b": 347.0971984863281, "_timestamp": 1684344912.0825894, "_runtime": 17.569478273391724, "_step": 68, "epoch": 0, "score_y": 0.8032494992210104, "Ik_50": 0.0, "Ik_10": 0.0, "_wandb": {"runtime": 36}}